model,labels_pct,seed,n_windows,best_epoch,accuracy,f1_macro
CNN (scratch),100,0,2420,44,0.936231884057971,0.9349311068045955
SSL+CNN,100,0,2420,44,0.9115942028985508,0.9101136627910155
CNN (scratch),100,1,2420,41,0.9318840579710145,0.9304168875603691
SSL+CNN,100,1,2420,19,0.9246376811594202,0.923267513442994
CNN (scratch),100,2,2420,13,0.927536231884058,0.9259794840686559
SSL+CNN,100,2,2420,14,0.9318840579710145,0.9307096974941367
CNN (scratch),100,3,2420,6,0.9260869565217391,0.9239780235049821
SSL+CNN,100,3,2420,6,0.9014492753623189,0.8972992439668296
CNN (scratch),100,4,2420,47,0.9347826086956522,0.933270912030397
SSL+CNN,100,4,2420,20,0.9188405797101449,0.9163267413084449
CNN (scratch),100,5,2420,22,0.9333333333333333,0.931974314187215
SSL+CNN,100,5,2420,45,0.9376811594202898,0.9371361360756536
CNN (scratch),100,6,2420,38,0.9449275362318841,0.9440789122900559
SSL+CNN,100,6,2420,11,0.9376811594202898,0.9368376236850917
CNN (scratch),100,7,2420,26,0.9260869565217391,0.9243928207208884
SSL+CNN,100,7,2420,18,0.9391304347826087,0.9381288101581674
CNN (scratch),100,8,2420,32,0.936231884057971,0.9349655808011201
SSL+CNN,100,8,2420,44,0.9347826086956522,0.9338315766717905
CNN (scratch),100,9,2420,41,0.9289855072463769,0.9274929926749393
SSL+CNN,100,9,2420,12,0.9231884057971015,0.9214987184008976
CNN (scratch),10,0,240,20,0.9101449275362319,0.9069810403178454
SSL+CNN,10,0,240,17,0.9,0.8957048275448593
CNN (scratch),10,1,240,41,0.9434782608695652,0.9431571288465135
SSL+CNN,10,1,240,41,0.9260869565217391,0.9251607305280476
CNN (scratch),10,2,240,37,0.9217391304347826,0.9204962176910263
SSL+CNN,10,2,240,38,0.9130434782608695,0.9113184782433968
CNN (scratch),10,3,240,43,0.8942028985507247,0.891892814935012
SSL+CNN,10,3,240,39,0.9057971014492754,0.9028899494435813
CNN (scratch),10,4,240,34,0.9144927536231884,0.9117214605140301
SSL+CNN,10,4,240,34,0.908695652173913,0.9053520254077778
CNN (scratch),10,5,240,22,0.9202898550724637,0.9186218288526374
SSL+CNN,10,5,240,30,0.9304347826086956,0.9295159268371016
CNN (scratch),10,6,240,47,0.9057971014492754,0.9036941754602932
SSL+CNN,10,6,240,43,0.8782608695652174,0.8741387468908559
CNN (scratch),10,7,240,26,0.9028985507246376,0.9010948883124398
SSL+CNN,10,7,240,38,0.9101449275362319,0.9090831832637697
CNN (scratch),10,8,240,49,0.9115942028985508,0.909807207997291
SSL+CNN,10,8,240,18,0.9231884057971015,0.9226692912023904
CNN (scratch),10,9,240,35,0.9246376811594202,0.9231057033300145
SSL+CNN,10,9,240,38,0.9318840579710145,0.9312791483405203
CNN (scratch),5,0,120,37,0.9217391304347826,0.9205740744135964
SSL+CNN,5,0,120,46,0.9188405797101449,0.9173457302734012
CNN (scratch),5,1,120,33,0.9115942028985508,0.9082958430983668
SSL+CNN,5,1,120,35,0.9028985507246376,0.8992051230297333
CNN (scratch),5,2,120,34,0.9507246376811594,0.9504336946403175
SSL+CNN,5,2,120,36,0.9188405797101449,0.9170046812069138
CNN (scratch),5,3,120,38,0.8840579710144928,0.8835050531086501
SSL+CNN,5,3,120,45,0.8913043478260869,0.8905006453192108
CNN (scratch),5,4,120,50,0.9333333333333333,0.9328552028487943
SSL+CNN,5,4,120,47,0.9260869565217391,0.9239967559331845
CNN (scratch),5,5,120,46,0.936231884057971,0.9359993137545477
SSL+CNN,5,5,120,30,0.9347826086956522,0.9344661844901724
CNN (scratch),5,6,120,41,0.9101449275362319,0.9102538317835321
SSL+CNN,5,6,120,36,0.9159420289855073,0.9160394894537873
CNN (scratch),5,7,120,44,0.9333333333333333,0.9331487177373512
SSL+CNN,5,7,120,46,0.9173913043478261,0.9168916225935808
CNN (scratch),5,8,120,14,0.8710144927536232,0.8700141299262929
SSL+CNN,5,8,120,11,0.863768115942029,0.8625970392919544
CNN (scratch),5,9,120,45,0.8898550724637682,0.8872840690611202
SSL+CNN,5,9,120,42,0.8913043478260869,0.8885626978290351
CNN (scratch),1,0,25,20,0.7275362318840579,0.7080335232572873
SSL+CNN,1,0,25,30,0.8014492753623188,0.7935357832114059
CNN (scratch),1,1,25,18,0.7420289855072464,0.734382972277986
SSL+CNN,1,1,25,18,0.7710144927536232,0.7687279141074409
CNN (scratch),1,2,25,44,0.8101449275362319,0.8110892346162426
SSL+CNN,1,2,25,49,0.8347826086956521,0.8343978796074303
CNN (scratch),1,3,25,43,0.8144927536231884,0.8143566338019779
SSL+CNN,1,3,25,43,0.7811594202898551,0.7753979214034565
CNN (scratch),1,4,25,38,0.8173913043478261,0.8141530861648283
SSL+CNN,1,4,25,39,0.7913043478260869,0.7881848554814107
CNN (scratch),1,5,25,35,0.8608695652173913,0.8577567578639957
SSL+CNN,1,5,25,25,0.9202898550724637,0.9201651226222504
CNN (scratch),1,6,25,25,0.7376811594202899,0.7418388516242835
SSL+CNN,1,6,25,30,0.7681159420289855,0.7650250678872151
CNN (scratch),1,7,25,27,0.7217391304347827,0.7077933443964278
SSL+CNN,1,7,25,50,0.7797101449275362,0.7761823162827053
CNN (scratch),1,8,25,39,0.8898550724637682,0.8899873409241119
SSL+CNN,1,8,25,39,0.8797101449275362,0.8788263974743318
CNN (scratch),1,9,25,39,0.6797101449275362,0.6711412583844719
SSL+CNN,1,9,25,50,0.6318840579710145,0.6244242879808004
